{
	"beta" : false,
	"all" : {
		"saveFilePaths" : [""],
		"files" : "scenario[0-2]",
		"filetype": "bin",
		"items": [
		{
			"name" : "Gold",
			"category" : "1. General",
			"intArgs" : [ 4, 4 ], 
			"strArgs" : [ "0000", "032C" ],
			"widget" : {
				"type" : "int",
				"minValue" : 0,
				"maxValue" : 9999999
		   }
		},
		{
			"name" : "Rowan's Buckle",
			"category" : "2. Materials",
			"intArgs" : [ 2, 2 ], 
			"strArgs" : [ "0000", "FC38" ],
			"widget" : {
				"type" : "int",
				"minValue" : 0,
				"maxValue" : 999
		   }
		},
		{
			"name" : "Rowan's Cape",
			"category" : "2. Materials",
			"intArgs" : [ 2, 2 ], 
			"strArgs" : [ "0000", "FC3A" ],
			"widget" : {
				"type" : "int",
				"minValue" : 0,
				"maxValue" : 999
		   }
		},
		{
			"name" : "Lianna's Hairpin",
			"category" : "2. Materials",
			"intArgs" : [ 2, 2 ], 
			"strArgs" : [ "0000", "002C" ],
			"widget" : {
				"type" : "int",
				"minValue" : 0,
				"maxValue" : 999
		   }
		},
		{
			"name" : "Lianna's Cape",
			"category" : "2. Materials",
			"intArgs" : [ 2, 2 ], 
			"strArgs" : [ "0000", "2E" ],
			"widget" : {
				"type" : "int",
				"minValue" : 0,
				"maxValue" : 999
		   }
		},
		{
			"name" : "Chrom's Leather Belt",
			"category" : "2. Materials",
			"intArgs" : [ 2, 2 ], 
			"strArgs" : [ "0000", "30" ],
			"widget" : {
				"type" : "int",
				"minValue" : 0,
				"maxValue" : 999
		   }
		},
		{
			"name" : "Chrom's Pauldron",
			"category" : "2. Materials",
			"intArgs" : [ 2, 2 ], 
			"strArgs" : [ "0000", "32" ],
			"widget" : {
				"type" : "int",
				"minValue" : 0,
				"maxValue" : 999
		   }
		},
		{
			"name" : "Lucina's Cuffs",
			"category" : "2. Materials",
			"intArgs" : [ 2, 2 ], 
			"strArgs" : [ "0000", "34" ],
			"widget" : {
				"type" : "int",
				"minValue" : 0,
				"maxValue" : 999
		   }
		},
		{
			"name" : "Lucina's Mask",
			"category" : "2. Materials",
			"intArgs" : [ 2, 2 ], 
			"strArgs" : [ "0000", "36" ],
			"widget" : {
				"type" : "int",
				"minValue" : 0,
				"maxValue" : 999
		   }
		},
		{
			"name" : "Robin's Primer",
			"category" : "2. Materials",
			"intArgs" : [ 2, 2 ], 
			"strArgs" : [ "0000", "38" ],
			"widget" : {
				"type" : "int",
				"minValue" : 0,
				"maxValue" : 999
		   }
		},
		{
			"name" : "Robin's Robes",
			"category" : "2. Materials",
			"intArgs" : [ 2, 2 ], 
			"strArgs" : [ "0000", "3A" ],
			"widget" : {
				"type" : "int",
				"minValue" : 0,
				"maxValue" : 999
		   }
		},
		{
			"name" : "Lissa's Nest-Egg Purse",
			"category" : "2. Materials",
			"intArgs" : [ 2, 2 ], 
			"strArgs" : [ "0000", "3C" ],
			"widget" : {
				"type" : "int",
				"minValue" : 0,
				"maxValue" : 999
		   }
		},
		{
			"name" : "Lissa's Crinoline",
			"category" : "2. Materials",
			"intArgs" : [ 2, 2 ], 
			"strArgs" : [ "0000", "3E" ],
			"widget" : {
				"type" : "int",
				"minValue" : 0,
				"maxValue" : 999
		   }
		},
		{
			"name" : "Frederick's Pebbles",
			"category" : "2. Materials",
			"intArgs" : [ 2, 2 ], 
			"strArgs" : [ "0000", "40" ],
			"widget" : {
				"type" : "int",
				"minValue" : 0,
				"maxValue" : 999
		   }
		},
		{
			"name" : "Frederick's Ribbon Tie",
			"category" : "2. Materials",
			"intArgs" : [ 2, 2 ], 
			"strArgs" : [ "0000", "42" ],
			"widget" : {
				"type" : "int",
				"minValue" : 0,
				"maxValue" : 999
		   }
		},
		{
			"name" : "Cordelia's Wing Hairpins",
			"category" : "2. Materials",
			"intArgs" : [ 2, 2 ], 
			"strArgs" : [ "0000", "44" ],
			"widget" : {
				"type" : "int",
				"minValue" : 0,
				"maxValue" : 999
		   }
		},
		{
			"name" : "Cordelia's Book on Love",
			"category" : "2. Materials",
			"intArgs" : [ 2, 2 ], 
			"strArgs" : [ "0000", "46" ],
			"widget" : {
				"type" : "int",
				"minValue" : 0,
				"maxValue" : 999
		   }
		},
		{
			"name" : "Owain's Belt Sash",
			"category" : "2. Materials",
			"intArgs" : [ 2, 2 ], 
			"strArgs" : [ "0000", "48" ],
			"widget" : {
				"type" : "int",
				"minValue" : 0,
				"maxValue" : 999
		   }
		},
		{
			"name" : "Owain's Divine Names",
			"category" : "2. Materials",
			"intArgs" : [ 2, 2 ], 
			"strArgs" : [ "0000", "4A" ],
			"widget" : {
				"type" : "int",
				"minValue" : 0,
				"maxValue" : 999
		   }
		},
		{
			"name" : "Corrin's Brooch",
			"category" : "2. Materials",
			"intArgs" : [ 2, 2 ], 
			"strArgs" : [ "0000", "4C" ],
			"widget" : {
				"type" : "int",
				"minValue" : 0,
				"maxValue" : 999
		   }
		},
		{
			"name" : "Corrin's Hair Clasp",
			"category" : "2. Materials",
			"intArgs" : [ 2, 2 ], 
			"strArgs" : [ "0000", "4E" ],
			"widget" : {
				"type" : "int",
				"minValue" : 0,
				"maxValue" : 999
		   }
		},
		{
			"name" : "Ryoma's Headpiece",
			"category" : "2. Materials",
			"intArgs" : [ 2, 2 ], 
			"strArgs" : [ "0000", "50" ],
			"widget" : {
				"type" : "int",
				"minValue" : 0,
				"maxValue" : 999
		   }
		},
		{
			"name" : "Ryoma's Battle Coat",
			"category" : "2. Materials",
			"intArgs" : [ 2, 2 ], 
			"strArgs" : [ "0000", "52" ],
			"widget" : {
				"type" : "int",
				"minValue" : 0,
				"maxValue" : 999
		   }
		},
		{
			"name" : "Hinoka's Tassels",
			"category" : "2. Materials",
			"intArgs" : [ 2, 2 ], 
			"strArgs" : [ "0000", "54" ],
			"widget" : {
				"type" : "int",
				"minValue" : 0,
				"maxValue" : 999
		   }
		},
		{
			"name" : "Hinoka's Scarf",
			"category" : "2. Materials",
			"intArgs" : [ 2, 2 ], 
			"strArgs" : [ "0000", "56" ],
			"widget" : {
				"type" : "int",
				"minValue" : 0,
				"maxValue" : 999
		   }
		},
		{
			"name" : "Takumi's History Book",
			"category" : "2. Materials",
			"intArgs" : [ 2, 2 ], 
			"strArgs" : [ "0000", "58" ],
			"widget" : {
				"type" : "int",
				"minValue" : 0,
				"maxValue" : 999
		   }
		},
		{
			"name" : "Takumi's Fur Wrap",
			"category" : "2. Materials",
			"intArgs" : [ 2, 2 ], 
			"strArgs" : [ "0000", "5A" ],
			"widget" : {
				"type" : "int",
				"minValue" : 0,
				"maxValue" : 999
		   }
		},
		{
			"name" : "Sakura's Sash",
			"category" : "2. Materials",
			"intArgs" : [ 2, 2 ], 
			"strArgs" : [ "0000", "5C" ],
			"widget" : {
				"type" : "int",
				"minValue" : 0,
				"maxValue" : 999
		   }
		},
		{
			"name" : "Sakura's Headband",
			"category" : "2. Materials",
			"intArgs" : [ 2, 2 ], 
			"strArgs" : [ "0000", "5E" ],
			"widget" : {
				"type" : "int",
				"minValue" : 0,
				"maxValue" : 999
		   }
		},
		{
			"name" : "Oboro's Sleeve Sash",
			"category" : "2. Materials",
			"intArgs" : [ 2, 2 ], 
			"strArgs" : [ "0000", "60" ],
			"widget" : {
				"type" : "int",
				"minValue" : 0,
				"maxValue" : 999
		   }
		},
		{
			"name" : "Oboro's Chest Guard",
			"category" : "2. Materials",
			"intArgs" : [ 2, 2 ], 
			"strArgs" : [ "0000", "62" ],
			"widget" : {
				"type" : "int",
				"minValue" : 0,
				"maxValue" : 999
		   }
		},
		{
			"name" : "Xander's Shield",
			"category" : "2. Materials",
			"intArgs" : [ 2, 2 ], 
			"strArgs" : [ "0000", "64" ],
			"widget" : {
				"type" : "int",
				"minValue" : 0,
				"maxValue" : 999
		   }
		},
		{
			"name" : "Xander's Plate Armor",
			"category" : "2. Materials",
			"intArgs" : [ 2, 2 ], 
			"strArgs" : [ "0000", "66" ],
			"widget" : {
				"type" : "int",
				"minValue" : 0,
				"maxValue" : 999
		   }
		},
		{
			"name" : "Camilla's Belt",
			"category" : "2. Materials",
			"intArgs" : [ 2, 2 ], 
			"strArgs" : [ "0000", "68" ],
			"widget" : {
				"type" : "int",
				"minValue" : 0,
				"maxValue" : 999
		   }
		},
		{
			"name" : "Camilla's Tasses",
			"category" : "2. Materials",
			"intArgs" : [ 2, 2 ], 
			"strArgs" : [ "0000", "6A" ],
			"widget" : {
				"type" : "int",
				"minValue" : 0,
				"maxValue" : 999
		   }
		},
		{
			"name" : "Leo's Tomato",
			"category" : "2. Materials",
			"intArgs" : [ 2, 2 ], 
			"strArgs" : [ "0000", "6C" ],
			"widget" : {
				"type" : "int",
				"minValue" : 0,
				"maxValue" : 999
		   }
		},
		{
			"name" : "Leo's Collar",
			"category" : "2. Materials",
			"intArgs" : [ 2, 2 ], 
			"strArgs" : [ "0000", "6E" ],
			"widget" : {
				"type" : "int",
				"minValue" : 0,
				"maxValue" : 999
		   }
		},
		{
			"name" : "Elise's Flowers",
			"category" : "2. Materials",
			"intArgs" : [ 2, 2 ], 
			"strArgs" : [ "0000", "70" ],
			"widget" : {
				"type" : "int",
				"minValue" : 0,
				"maxValue" : 999
		   }
		},
		{
			"name" : "Elise's Ribbon",
			"category" : "2. Materials",
			"intArgs" : [ 2, 2 ], 
			"strArgs" : [ "0000", "72" ],
			"widget" : {
				"type" : "int",
				"minValue" : 0,
				"maxValue" : 999
		   }
		},
		{
			"name" : "Niles's Hood",
			"category" : "2. Materials",
			"intArgs" : [ 2, 2 ], 
			"strArgs" : [ "0000", "74" ],
			"widget" : {
				"type" : "int",
				"minValue" : 0,
				"maxValue" : 999
		   }
		},
		{
			"name" : "Niles's Eye Patch",
			"category" : "2. Materials",
			"intArgs" : [ 2, 2 ], 
			"strArgs" : [ "0000", "76" ],
			"widget" : {
				"type" : "int",
				"minValue" : 0,
				"maxValue" : 999
		   }
		},
		{
			"name" : "Marth's Brooch",
			"category" : "2. Materials",
			"intArgs" : [ 2, 2 ], 
			"strArgs" : [ "0000", "78" ],
			"widget" : {
				"type" : "int",
				"minValue" : 0,
				"maxValue" : 999
		   }
		},
		{
			"name" : "Marth's Tiara",
			"category" : "2. Materials",
			"intArgs" : [ 2, 2 ], 
			"strArgs" : [ "0000", "7A" ],
			"widget" : {
				"type" : "int",
				"minValue" : 0,
				"maxValue" : 999
		   }
		},
		{
			"name" : "Caeda's Bracelet",
			"category" : "2. Materials",
			"intArgs" : [ 2, 2 ], 
			"strArgs" : [ "0000", "7C" ],
			"widget" : {
				"type" : "int",
				"minValue" : 0,
				"maxValue" : 999
		   }
		},
		{
			"name" : "Caeda's Breastplate",
			"category" : "2. Materials",
			"intArgs" : [ 2, 2 ], 
			"strArgs" : [ "0000", "7E" ],
			"widget" : {
				"type" : "int",
				"minValue" : 0,
				"maxValue" : 999
		   }
		},
		{
			"name" : "Navarre's Cord Belt",
			"category" : "2. Materials",
			"intArgs" : [ 2, 2 ], 
			"strArgs" : [ "0000", "80" ],
			"widget" : {
				"type" : "int",
				"minValue" : 0,
				"maxValue" : 999
		   }
		},
		{
			"name" : "Navarre's Sword Strap",
			"category" : "2. Materials",
			"intArgs" : [ 2, 2 ], 
			"strArgs" : [ "0000", "82" ],
			"widget" : {
				"type" : "int",
				"minValue" : 0,
				"maxValue" : 999
		   }
		},
		{
			"name" : "Tiki's Anklet",
			"category" : "2. Materials",
			"intArgs" : [ 2, 2 ], 
			"strArgs" : [ "0000", "84" ],
			"widget" : {
				"type" : "int",
				"minValue" : 0,
				"maxValue" : 999
		   }
		},
		{
			"name" : "Tiki's Hairpin",
			"category" : "2. Materials",
			"intArgs" : [ 2, 2 ], 
			"strArgs" : [ "0000", "86" ],
			"widget" : {
				"type" : "int",
				"minValue" : 0,
				"maxValue" : 999
		   }
		},
		{
			"name" : "Celica's Shield",
			"category" : "2. Materials",
			"intArgs" : [ 2, 2 ], 
			"strArgs" : [ "0000", "88" ],
			"widget" : {
				"type" : "int",
				"minValue" : 0,
				"maxValue" : 999
		   }
		},
		{
			"name" : "Celica's Circlet",
			"category" : "2. Materials",
			"intArgs" : [ 2, 2 ], 
			"strArgs" : [ "0000", "8A" ],
			"widget" : {
				"type" : "int",
				"minValue" : 0,
				"maxValue" : 999
		   }
		},
		{
			"name" : "Lyn's Glove",
			"category" : "2. Materials",
			"intArgs" : [ 2, 2 ], 
			"strArgs" : [ "0000", "8C" ],
			"widget" : {
				"type" : "int",
				"minValue" : 0,
				"maxValue" : 999
		   }
		},
		{
			"name" : "Lyn's Cord Belt",
			"category" : "2. Materials",
			"intArgs" : [ 2, 2 ], 
			"strArgs" : [ "0000", "8E" ],
			"widget" : {
				"type" : "int",
				"minValue" : 0,
				"maxValue" : 999
		   }
		},
		{
			"name" : "Anna's Cap",
			"category" : "2. Materials",
			"intArgs" : [ 2, 2 ], 
			"strArgs" : [ "0000", "90" ],
			"widget" : {
				"type" : "int",
				"minValue" : 0,
				"maxValue" : 999
		   }
		},
		{
			"name" : "Anna's Purse",
			"category" : "2. Materials",
			"intArgs" : [ 2, 2 ], 
			"strArgs" : [ "0000", "92" ],
			"widget" : {
				"type" : "int",
				"minValue" : 0,
				"maxValue" : 999
		   }
		},
		{
			"name" : "Validar's Bracelet",
			"category" : "2. Materials",
			"intArgs" : [ 2, 2 ], 
			"strArgs" : [ "0000", "94" ],
			"widget" : {
				"type" : "int",
				"minValue" : 0,
				"maxValue" : 999
		   }
		},
		{
			"name" : "Validar's Necklace",
			"category" : "2. Materials",
			"intArgs" : [ 2, 2 ], 
			"strArgs" : [ "0000", "96" ],
			"widget" : {
				"type" : "int",
				"minValue" : 0,
				"maxValue" : 999
		   }
		},
		{
			"name" : "Iago's Dark Instrument",
			"category" : "2. Materials",
			"intArgs" : [ 2, 2 ], 
			"strArgs" : [ "0000", "98" ],
			"widget" : {
				"type" : "int",
				"minValue" : 0,
				"maxValue" : 999
		   }
		},
		{
			"name" : "Iago's Half Mask",
			"category" : "2. Materials",
			"intArgs" : [ 2, 2 ], 
			"strArgs" : [ "0000", "9A" ],
			"widget" : {
				"type" : "int",
				"minValue" : 0,
				"maxValue" : 999
		   }
		},
		{
			"name" : "Gharnef's Ring",
			"category" : "2. Materials",
			"intArgs" : [ 2, 2 ], 
			"strArgs" : [ "0000", "9C" ],
			"widget" : {
				"type" : "int",
				"minValue" : 0,
				"maxValue" : 999
		   }
		},
		{
			"name" : "Gharnef's Orb",
			"category" : "2. Materials",
			"intArgs" : [ 2, 2 ], 
			"strArgs" : [ "0000", "9E" ],
			"widget" : {
				"type" : "int",
				"minValue" : 0,
				"maxValue" : 999
		   }
		},
		{
			"name" : "Darios's Shield",
			"category" : "2. Materials",
			"intArgs" : [ 2, 2 ], 
			"strArgs" : [ "0000", "A0" ],
			"widget" : {
				"type" : "int",
				"minValue" : 0,
				"maxValue" : 999
		   }
		},
		{
			"name" : "Darios's Circlet",
			"category" : "2. Materials",
			"intArgs" : [ 2, 2 ], 
			"strArgs" : [ "0000", "A2" ],
			"widget" : {
				"type" : "int",
				"minValue" : 0,
				"maxValue" : 999
		   }
		},
		{
			"name" : "Chaos Dragon's Barbs",
			"category" : "2. Materials",
			"intArgs" : [ 2, 2 ], 
			"strArgs" : [ "0000", "A4" ],
			"widget" : {
				"type" : "int",
				"minValue" : 0,
				"maxValue" : 999
		   }
		},
		{
			"name" : "Chaos Dragon's Jewel",
			"category" : "2. Materials",
			"intArgs" : [ 2, 2 ], 
			"strArgs" : [ "0000", "A6" ],
			"widget" : {
				"type" : "int",
				"minValue" : 0,
				"maxValue" : 999
		   }
		},
		{
			"name" : "Myrmidon's Breechcloth",
			"category" : "2. Materials",
			"intArgs" : [ 2, 2 ], 
			"strArgs" : [ "0000", "A8" ],
			"widget" : {
				"type" : "int",
				"minValue" : 0,
				"maxValue" : 999
		   }
		},
		{
			"name" : "Myrmidon's Head Guard",
			"category" : "2. Materials",
			"intArgs" : [ 2, 2 ], 
			"strArgs" : [ "0000", "AA" ],
			"widget" : {
				"type" : "int",
				"minValue" : 0,
				"maxValue" : 999
		   }
		},
		{
			"name" : "Soldier's Waist Guard",
			"category" : "2. Materials",
			"intArgs" : [ 2, 2 ], 
			"strArgs" : [ "0000", "AC" ],
			"widget" : {
				"type" : "int",
				"minValue" : 0,
				"maxValue" : 999
		   }
		},
		{
			"name" : "Soldier's Helmet",
			"category" : "2. Materials",
			"intArgs" : [ 2, 2 ], 
			"strArgs" : [ "0000", "AE" ],
			"widget" : {
				"type" : "int",
				"minValue" : 0,
				"maxValue" : 999
		   }
		},
		{
			"name" : "Axe Fighter's Glove",
			"category" : "2. Materials",
			"intArgs" : [ 2, 2 ], 
			"strArgs" : [ "0000", "B0" ],
			"widget" : {
				"type" : "int",
				"minValue" : 0,
				"maxValue" : 999
		   }
		},
		{
			"name" : "Axe Fighter's Helmet",
			"category" : "2. Materials",
			"intArgs" : [ 2, 2 ], 
			"strArgs" : [ "0000", "B2" ],
			"widget" : {
				"type" : "int",
				"minValue" : 0,
				"maxValue" : 999
		   }
		},
		{
			"name" : "Archer's Breastplate",
			"category" : "2. Materials",
			"intArgs" : [ 2, 2 ], 
			"strArgs" : [ "0000", "B4" ],
			"widget" : {
				"type" : "int",
				"minValue" : 0,
				"maxValue" : 999
		   }
		},
		{
			"name" : "Archer's Shoulder Pad",
			"category" : "2. Materials",
			"intArgs" : [ 2, 2 ], 
			"strArgs" : [ "0000", "B6" ],
			"widget" : {
				"type" : "int",
				"minValue" : 0,
				"maxValue" : 999
		   }
		},
		{
			"name" : "Mage's Mask",
			"category" : "2. Materials",
			"intArgs" : [ 2, 2 ], 
			"strArgs" : [ "0000", "B8" ],
			"widget" : {
				"type" : "int",
				"minValue" : 0,
				"maxValue" : 999
		   }
		},
		{
			"name" : "Mage's Robe",
			"category" : "2. Materials",
			"intArgs" : [ 2, 2 ], 
			"strArgs" : [ "0000", "BA" ],
			"widget" : {
				"type" : "int",
				"minValue" : 0,
				"maxValue" : 999
		   }
		},
		{
			"name" : "Outlaw's Bracer",
			"category" : "2. Materials",
			"intArgs" : [ 2, 2 ], 
			"strArgs" : [ "0000", "BC" ],
			"widget" : {
				"type" : "int",
				"minValue" : 0,
				"maxValue" : 999
		   }
		},
		{
			"name" : "Outlaw's Mask",
			"category" : "2. Materials",
			"intArgs" : [ 2, 2 ], 
			"strArgs" : [ "0000", "BE" ],
			"widget" : {
				"type" : "int",
				"minValue" : 0,
				"maxValue" : 999
		   }
		},
		{
			"name" : "Knight's Shield",
			"category" : "2. Materials",
			"intArgs" : [ 2, 2 ], 
			"strArgs" : [ "0000", "C0" ],
			"widget" : {
				"type" : "int",
				"minValue" : 0,
				"maxValue" : 999
		   }
		},
		{
			"name" : "Knight's Pauldron",
			"category" : "2. Materials",
			"intArgs" : [ 2, 2 ], 
			"strArgs" : [ "0000", "C2" ],
			"widget" : {
				"type" : "int",
				"minValue" : 0,
				"maxValue" : 999
		   }
		},
		{
			"name" : "Cavalier's Greaves",
			"category" : "2. Materials",
			"intArgs" : [ 2, 2 ], 
			"strArgs" : [ "0000", "C4" ],
			"widget" : {
				"type" : "int",
				"minValue" : 0,
				"maxValue" : 999
		   }
		},
		{
			"name" : "Cavalier's Saddle",
			"category" : "2. Materials",
			"intArgs" : [ 2, 2 ], 
			"strArgs" : [ "0000", "C6" ],
			"widget" : {
				"type" : "int",
				"minValue" : 0,
				"maxValue" : 999
		   }
		},
		{
			"name" : "Pegasus Knight's Dwon",
			"category" : "2. Materials",
			"intArgs" : [ 2, 2 ], 
			"strArgs" : [ "0000", "C8" ],
			"widget" : {
				"type" : "int",
				"minValue" : 0,
				"maxValue" : 999
		   }
		},
		{
			"name" : "Pegasus Knight's Visor",
			"category" : "2. Materials",
			"intArgs" : [ 2, 2 ], 
			"strArgs" : [ "0000", "CA" ],
			"widget" : {
				"type" : "int",
				"minValue" : 0,
				"maxValue" : 999
		   }
		},
		{
			"name" : "Wyvern Rider's Talon",
			"category" : "2. Materials",
			"intArgs" : [ 2, 2 ], 
			"strArgs" : [ "0000", "CC" ],
			"widget" : {
				"type" : "int",
				"minValue" : 0,
				"maxValue" : 999
		   }
		},
		{
			"name" : "Wyvern Rider's Tasses",
			"category" : "2. Materials",
			"intArgs" : [ 2, 2 ], 
			"strArgs" : [ "0000", "CE" ],
			"widget" : {
				"type" : "int",
				"minValue" : 0,
				"maxValue" : 999
		   }
		},
		{
			"name" : "Great Knight's Gaunlet",
			"category" : "2. Materials",
			"intArgs" : [ 2, 2 ], 
			"strArgs" : [ "0000", "D0" ],
			"widget" : {
				"type" : "int",
				"minValue" : 0,
				"maxValue" : 999
		   }
		},
		{
			"name" : "Great Knight's Barding",
			"category" : "2. Materials",
			"intArgs" : [ 2, 2 ], 
			"strArgs" : [ "0000", "D2" ],
			"widget" : {
				"type" : "int",
				"minValue" : 0,
				"maxValue" : 999
		   }
		},
		{
			"name" : "Manakete's Scale",
			"category" : "2. Materials",
			"intArgs" : [ 2, 2 ], 
			"strArgs" : [ "0000", "D4" ],
			"widget" : {
				"type" : "int",
				"minValue" : 0,
				"maxValue" : 999
		   }
		},
		{
			"name" : "Manakete's Tail",
			"category" : "2. Materials",
			"intArgs" : [ 2, 2 ], 
			"strArgs" : [ "0000", "D6" ],
			"widget" : {
				"type" : "int",
				"minValue" : 0,
				"maxValue" : 999
		   }
		},
		{
			"name" : "Monster's Fang",
			"category" : "2. Materials",
			"intArgs" : [ 2, 2 ], 
			"strArgs" : [ "0000", "D8" ],
			"widget" : {
				"type" : "int",
				"minValue" : 0,
				"maxValue" : 999
		   }
		},
		{
			"name" : "Monster's Horns",
			"category" : "2. Materials",
			"intArgs" : [ 2, 2 ], 
			"strArgs" : [ "0000", "DA" ],
			"widget" : {
				"type" : "int",
				"minValue" : 0,
				"maxValue" : 999
		   }
		},
		{
			"name" : "Captain's Sword",
			"category" : "2. Materials",
			"intArgs" : [ 2, 2 ], 
			"strArgs" : [ "0000", "DC" ],
			"widget" : {
				"type" : "int",
				"minValue" : 0,
				"maxValue" : 999
		   }
		},
		{
			"name" : "Captain's Lance",
			"category" : "2. Materials",
			"intArgs" : [ 2, 2 ], 
			"strArgs" : [ "0000", "DE" ],
			"widget" : {
				"type" : "int",
				"minValue" : 0,
				"maxValue" : 999
		   }
		},
		{
			"name" : "Captain's Axe",
			"category" : "2. Materials",
			"intArgs" : [ 2, 2 ], 
			"strArgs" : [ "0000", "E0" ],
			"widget" : {
				"type" : "int",
				"minValue" : 0,
				"maxValue" : 999
		   }
		},
		{
			"name" : "Captain's Bow",
			"category" : "2. Materials",
			"intArgs" : [ 2, 2 ], 
			"strArgs" : [ "0000", "E2" ],
			"widget" : {
				"type" : "int",
				"minValue" : 0,
				"maxValue" : 999
		   }
		},
		{
			"name" : "Captain's Tome",
			"category" : "2. Materials",
			"intArgs" : [ 2, 2 ], 
			"strArgs" : [ "0000", "E4" ],
			"widget" : {
				"type" : "int",
				"minValue" : 0,
				"maxValue" : 999
		   }
		},
		{
			"name" : "Monster's Claw",
			"category" : "2. Materials",
			"intArgs" : [ 2, 2 ], 
			"strArgs" : [ "0000", "E6" ],
			"widget" : {
				"type" : "int",
				"minValue" : 0,
				"maxValue" : 999
		   }
		},
		{
			"name" : "Enliron's Scroll",
			"category" : "2. Materials",
			"intArgs" : [ 2, 2 ], 
			"strArgs" : [ "0000", "E8" ],
			"widget" : {
				"type" : "int",
				"minValue" : 0,
				"maxValue" : 999
		   }
		},
		{
			"name" : "Facinna's Scroll",
			"category" : "2. Materials",
			"intArgs" : [ 2, 2 ], 
			"strArgs" : [ "0000", "EA" ],
			"widget" : {
				"type" : "int",
				"minValue" : 0,
				"maxValue" : 999
		   }
		},
		{
			"name" : "Falchion's Scroll",
			"category" : "2. Materials",
			"intArgs" : [ 2, 2 ], 
			"strArgs" : [ "0000", "EC" ],
			"widget" : {
				"type" : "int",
				"minValue" : 0,
				"maxValue" : 999
		   }
		},
		{
			"name" : "Parellel Falchion's Scroll",
			"category" : "2. Materials",
			"intArgs" : [ 2, 2 ], 
			"strArgs" : [ "0000", "EE" ],
			"widget" : {
				"type" : "int",
				"minValue" : 0,
				"maxValue" : 999
		   }
		},
			{
			"name" : "Thoron's Scroll",
			"category" : "2. Materials",
			"intArgs" : [ 2, 2 ], 
			"strArgs" : [ "0000", "F0" ],
			"widget" : {
				"type" : "int",
				"minValue" : 0,
				"maxValue" : 999
		   }
		},
		{
			"name" : "Lissa's Axe's Scroll",
			"category" : "2. Materials",
			"intArgs" : [ 2, 2 ], 
			"strArgs" : [ "0000", "F2" ],
			"widget" : {
				"type" : "int",
				"minValue" : 0,
				"maxValue" : 999
		   }
		},
		{
			"name" : "Frederick's Axe's Scroll",
			"category" : "2. Materials",
			"intArgs" : [ 2, 2 ], 
			"strArgs" : [ "0000", "F4" ],
			"widget" : {
				"type" : "int",
				"minValue" : 0,
				"maxValue" : 999
		   }
		},
		{
			"name" : "Cordelia's Lance's Scroll",
			"category" : "2. Materials",
			"intArgs" : [ 2, 2 ], 
			"strArgs" : [ "0000", "F6" ],
			"widget" : {
				"type" : "int",
				"minValue" : 0,
				"maxValue" : 999
		   }
		},
		{
			"name" : "Missiletainn's Scroll",
			"category" : "2. Materials",
			"intArgs" : [ 2, 2 ], 
			"strArgs" : [ "0000", "F8" ],
			"widget" : {
				"type" : "int",
				"minValue" : 0,
				"maxValue" : 999
		   }
		},
		{
			"name" : "Yato's Scroll",
			"category" : "2. Materials",
			"intArgs" : [ 2, 2 ], 
			"strArgs" : [ "0000", "FA" ],
			"widget" : {
				"type" : "int",
				"minValue" : 0,
				"maxValue" : 999
		   }
		},
		{
			"name" : "Raijinto's Scroll",
			"category" : "2. Materials",
			"intArgs" : [ 2, 2 ], 
			"strArgs" : [ "0000", "FC" ],
			"widget" : {
				"type" : "int",
				"minValue" : 0,
				"maxValue" : 999
		   }
		},
		{
			"name" : "Hinoka's Scroll",
			"category" : "2. Materials",
			"intArgs" : [ 2, 2 ], 
			"strArgs" : [ "0000", "FE" ],
			"widget" : {
				"type" : "int",
				"minValue" : 0,
				"maxValue" : 999
		   }
		},
		{
			"name" : "Fujin Yumi's Scroll",
			"category" : "2. Materials",
			"intArgs" : [ 2, 2 ], 
			"strArgs" : [ "0000", "100" ],
			"widget" : {
				"type" : "int",
				"minValue" : 0,
				"maxValue" : 999
		   }
		},
		{
			"name" : "Spellbane Yumi's Scroll",
			"category" : "2. Materials",
			"intArgs" : [ 2, 2 ], 
			"strArgs" : [ "0000", "102" ],
			"widget" : {
				"type" : "int",
				"minValue" : 0,
				"maxValue" : 999
		   }
		},
		{
			"name" : "Oboro's Spear's Scroll",
			"category" : "2. Materials",
			"intArgs" : [ 2, 2 ], 
			"strArgs" : [ "0000", "104" ],
			"widget" : {
				"type" : "int",
				"minValue" : 0,
				"maxValue" : 999
		   }
		},
		{
			"name" : "Siegfried's Scroll",
			"category" : "2. Materials",
			"intArgs" : [ 2, 2 ], 
			"strArgs" : [ "0000", "106" ],
			"widget" : {
				"type" : "int",
				"minValue" : 0,
				"maxValue" : 999
		   }
		},
		{
			"name" : "Camilla's Axe's Scroll",
			"category" : "2. Materials",
			"intArgs" : [ 2, 2 ], 
			"strArgs" : [ "0000", "108" ],
			"widget" : {
				"type" : "int",
				"minValue" : 0,
				"maxValue" : 999
		   }
		},
		{
			"name" : "Brynhildr's Scroll",
			"category" : "2. Materials",
			"intArgs" : [ 2, 2 ], 
			"strArgs" : [ "0000", "10A" ],
			"widget" : {
				"type" : "int",
				"minValue" : 0,
				"maxValue" : 999
		   }
		},
		{
			"name" : "Moonlight's Scroll",
			"category" : "2. Materials",
			"intArgs" : [ 2, 2 ], 
			"strArgs" : [ "0000", "10C" ],
			"widget" : {
				"type" : "int",
				"minValue" : 0,
				"maxValue" : 999
		   }
		},
		{
			"name" : "Niles's Bow's Scroll",
			"category" : "2. Materials",
			"intArgs" : [ 2, 2 ], 
			"strArgs" : [ "0000", "10E" ],
			"widget" : {
				"type" : "int",
				"minValue" : 0,
				"maxValue" : 999
		   }
		},
		{
			"name" : "Exalted Falchion's Scroll",
			"category" : "2. Materials",
			"intArgs" : [ 2, 2 ], 
			"strArgs" : [ "0000", "110" ],
			"widget" : {
				"type" : "int",
				"minValue" : 0,
				"maxValue" : 999
		   }
		},
		{
			"name" : "Wing Spear's Scroll",
			"category" : "2. Materials",
			"intArgs" : [ 2, 2 ], 
			"strArgs" : [ "0000", "112" ],
			"widget" : {
				"type" : "int",
				"minValue" : 0,
				"maxValue" : 999
		   }
		},
		{
			"name" : "Wo Dao's Scroll",
			"category" : "2. Materials",
			"intArgs" : [ 2, 2 ], 
			"strArgs" : [ "0000", "114" ],
			"widget" : {
				"type" : "int",
				"minValue" : 0,
				"maxValue" : 999
		   }
		},
		{
			"name" : "Divinestone's Scroll",
			"category" : "2. Materials",
			"intArgs" : [ 2, 2 ], 
			"strArgs" : [ "0000", "116" ],
			"widget" : {
				"type" : "int",
				"minValue" : 0,
				"maxValue" : 999
		   }
		},
		{
			"name" : "Lady Sword's Scroll",
			"category" : "2. Materials",
			"intArgs" : [ 2, 2 ], 
			"strArgs" : [ "0000", "118" ],
			"widget" : {
				"type" : "int",
				"minValue" : 0,
				"maxValue" : 999
		   }
		},
		{
			"name" : "Sol Katti's Scroll",
			"category" : "2. Materials",
			"intArgs" : [ 2, 2 ], 
			"strArgs" : [ "0000", "11A" ],
			"widget" : {
				"type" : "int",
				"minValue" : 0,
				"maxValue" : 999
		   }
		},
		{
			"name" : "Anna's Bow's Scroll",
			"category" : "2. Materials",
			"intArgs" : [ 2, 2 ], 
			"strArgs" : [ "0000", "11C" ],
			"widget" : {
				"type" : "int",
				"minValue" : 0,
				"maxValue" : 999
		   }
		},
		{
			"name" : "Rowan's Essence",
			"category" : "2. Materials",
			"intArgs" : [ 2, 2 ], 
			"strArgs" : [ "0000", "11E" ],
			"widget" : {
				"type" : "int",
				"minValue" : 0,
				"maxValue" : 999
		   }
		},
		{
			"name" : "Lianna's Essence",
			"category" : "2. Materials",
			"intArgs" : [ 2, 2 ], 
			"strArgs" : [ "0000", "120" ],
			"widget" : {
				"type" : "int",
				"minValue" : 0,
				"maxValue" : 999
		   }
		},
		{
			"name" : "Chrom's Essence",
			"category" : "2. Materials",
			"intArgs" : [ 2, 2 ], 
			"strArgs" : [ "0000", "122" ],
			"widget" : {
				"type" : "int",
				"minValue" : 0,
				"maxValue" : 999
		   }
		},
		{
			"name" : "Lucina's Essence",
			"category" : "2. Materials",
			"intArgs" : [ 2, 2 ], 
			"strArgs" : [ "0000", "124" ],
			"widget" : {
				"type" : "int",
				"minValue" : 0,
				"maxValue" : 999
		   }
		},
		{
			"name" : "Robin's Essence",
			"category" : "2. Materials",
			"intArgs" : [ 2, 2 ], 
			"strArgs" : [ "0000", "126" ],
			"widget" : {
				"type" : "int",
				"minValue" : 0,
				"maxValue" : 999
		   }
		},
		{
			"name" : "Lissa's Essence",
			"category" : "2. Materials",
			"intArgs" : [ 2, 2 ], 
			"strArgs" : [ "0000", "128" ],
			"widget" : {
				"type" : "int",
				"minValue" : 0,
				"maxValue" : 999
		   }
		},
		{
			"name" : "Frederick's Essence",
			"category" : "2. Materials",
			"intArgs" : [ 2, 2 ], 
			"strArgs" : [ "0000", "12A" ],
			"widget" : {
				"type" : "int",
				"minValue" : 0,
				"maxValue" : 999
		   }
		},
		{
			"name" : "Cordelia's Essence",
			"category" : "2. Materials",
			"intArgs" : [ 2, 2 ], 
			"strArgs" : [ "0000", "12C" ],
			"widget" : {
				"type" : "int",
				"minValue" : 0,
				"maxValue" : 999
		   }
		},
		{
			"name" : "Owain's Essence",
			"category" : "2. Materials",
			"intArgs" : [ 2, 2 ], 
			"strArgs" : [ "0000", "12E" ],
			"widget" : {
				"type" : "int",
				"minValue" : 0,
				"maxValue" : 999
		   }
		},
		{
			"name" : "Corrin's Essence",
			"category" : "2. Materials",
			"intArgs" : [ 2, 2 ], 
			"strArgs" : [ "0000", "130" ],
			"widget" : {
				"type" : "int",
				"minValue" : 0,
				"maxValue" : 999
		   }
		},
		{
			"name" : "Ryoma's Essence",
			"category" : "2. Materials",
			"intArgs" : [ 2, 2 ], 
			"strArgs" : [ "0000", "132" ],
			"widget" : {
				"type" : "int",
				"minValue" : 0,
				"maxValue" : 999
		   }
		},
		{
			"name" : "Hinoka's Essence",
			"category" : "2. Materials",
			"intArgs" : [ 2, 2 ], 
			"strArgs" : [ "0000", "134" ],
			"widget" : {
				"type" : "int",
				"minValue" : 0,
				"maxValue" : 999
		   }
		},
		{
			"name" : "Takumi's Essence",
			"category" : "2. Materials",
			"intArgs" : [ 2, 2 ], 
			"strArgs" : [ "0000", "136" ],
			"widget" : {
				"type" : "int",
				"minValue" : 0,
				"maxValue" : 999
		   }
		},
		{
			"name" : "Sakura's Essence",
			"category" : "2. Materials",
			"intArgs" : [ 2, 2 ], 
			"strArgs" : [ "0000", "138" ],
			"widget" : {
				"type" : "int",
				"minValue" : 0,
				"maxValue" : 999
		   }
		},
		{
			"name" : "Oboro's Essence",
			"category" : "2. Materials",
			"intArgs" : [ 2, 2 ], 
			"strArgs" : [ "0000", "13A" ],
			"widget" : {
				"type" : "int",
				"minValue" : 0,
				"maxValue" : 999
		   }
		},
		{
			"name" : "Xander's Essence",
			"category" : "2. Materials",
			"intArgs" : [ 2, 2 ], 
			"strArgs" : [ "0000", "13C" ],
			"widget" : {
				"type" : "int",
				"minValue" : 0,
				"maxValue" : 999
		   }
		},
		{
			"name" : "Camilla's Essence",
			"category" : "2. Materials",
			"intArgs" : [ 2, 2 ], 
			"strArgs" : [ "0000", "13E" ],
			"widget" : {
				"type" : "int",
				"minValue" : 0,
				"maxValue" : 999
		   }
		},
		{
			"name" : "Leo's Essence",
			"category" : "2. Materials",
			"intArgs" : [ 2, 2 ], 
			"strArgs" : [ "0000", "140" ],
			"widget" : {
				"type" : "int",
				"minValue" : 0,
				"maxValue" : 999
		   }
		},
		{
			"name" : "Elise's Essence",
			"category" : "2. Materials",
			"intArgs" : [ 2, 2 ], 
			"strArgs" : [ "0000", "142" ],
			"widget" : {
				"type" : "int",
				"minValue" : 0,
				"maxValue" : 999
		   }
		},
		{
			"name" : "Niles's Essence",
			"category" : "2. Materials",
			"intArgs" : [ 2, 2 ], 
			"strArgs" : [ "0000", "144" ],
			"widget" : {
				"type" : "int",
				"minValue" : 0,
				"maxValue" : 999
		   }
		},
		{
			"name" : "Marth's Essence",
			"category" : "2. Materials",
			"intArgs" : [ 2, 2 ], 
			"strArgs" : [ "0000", "146" ],
			"widget" : {
				"type" : "int",
				"minValue" : 0,
				"maxValue" : 999
		   }
		},
		{
			"name" : "Caeda's Essence",
			"category" : "2. Materials",
			"intArgs" : [ 2, 2 ], 
			"strArgs" : [ "0000", "148" ],
			"widget" : {
				"type" : "int",
				"minValue" : 0,
				"maxValue" : 999
		   }
		},
		{
			"name" : "Navarre's Essence",
			"category" : "2. Materials",
			"intArgs" : [ 2, 2 ], 
			"strArgs" : [ "0000", "14A" ],
			"widget" : {
				"type" : "int",
				"minValue" : 0,
				"maxValue" : 999
		   }
		},
		{
			"name" : "Tiki's Essence",
			"category" : "2. Materials",
			"intArgs" : [ 2, 2 ], 
			"strArgs" : [ "0000", "14C" ],
			"widget" : {
				"type" : "int",
				"minValue" : 0,
				"maxValue" : 999
		   }
		},
		{
			"name" : "Celica's Essence",
			"category" : "2. Materials",
			"intArgs" : [ 2, 2 ], 
			"strArgs" : [ "0000", "14E" ],
			"widget" : {
				"type" : "int",
				"minValue" : 0,
				"maxValue" : 999
		   }
		},
		{
			"name" : "Lyn's Essence",
			"category" : "2. Materials",
			"intArgs" : [ 2, 2 ], 
			"strArgs" : [ "0000", "150" ],
			"widget" : {
				"type" : "int",
				"minValue" : 0,
				"maxValue" : 999
		   }
		},
		{
			"name" : "Anna's Essence",
			"category" : "2. Materials",
			"intArgs" : [ 2, 2 ], 
			"strArgs" : [ "0000", "152" ],
			"widget" : {
				"type" : "int",
				"minValue" : 0,
				"maxValue" : 999
		   }
		},
		{
			"name" : "Azura's Opera Gloves",
			"category" : "2. Materials",
			"intArgs" : [ 2, 2 ], 
			"strArgs" : [ "0000", "154" ],
			"widget" : {
				"type" : "int",
				"minValue" : 0,
				"maxValue" : 999
		   }
		},
		{
			"name" : "Azura's Pendant",
			"category" : "2. Materials",
			"intArgs" : [ 2, 2 ], 
			"strArgs" : [ "0000", "156" ],
			"widget" : {
				"type" : "int",
				"minValue" : 0,
				"maxValue" : 999
		   }
		},
		{
			"name" : "Blessed Lance's Scroll",
			"category" : "2. Materials",
			"intArgs" : [ 2, 2 ], 
			"strArgs" : [ "0000", "158" ],
			"widget" : {
				"type" : "int",
				"minValue" : 0,
				"maxValue" : 999
		   }
		},
		{
			"name" : "Azura's Essence",
			"category" : "2. Materials",
			"intArgs" : [ 2, 2 ], 
			"strArgs" : [ "0000", "15A" ],
			"widget" : {
				"type" : "int",
				"minValue" : 0,
				"maxValue" : 999
		   }
		},
		{
			"name" : "Yato's Opus",
			"category" : "2. Materials",
			"intArgs" : [ 2, 2 ], 
			"strArgs" : [ "0000", "15C" ],
			"widget" : {
				"type" : "int",
				"minValue" : 0,
				"maxValue" : 999
		   }
		},
		{
			"name" : "Raijinto's Opus",
			"category" : "2. Materials",
			"intArgs" : [ 2, 2 ], 
			"strArgs" : [ "0000", "15E" ],
			"widget" : {
				"type" : "int",
				"minValue" : 0,
				"maxValue" : 999
		   }
		},
		{
			"name" : "Hinoka's Lance's Opus",
			"category" : "2. Materials",
			"intArgs" : [ 2, 2 ], 
			"strArgs" : [ "0000", "160" ],
			"widget" : {
				"type" : "int",
				"minValue" : 0,
				"maxValue" : 999
		   }
		},
		{
			"name" : "Fujin Yumi's Opus",
			"category" : "2. Materials",
			"intArgs" : [ 2, 2 ], 
			"strArgs" : [ "0000", "162" ],
			"widget" : {
				"type" : "int",
				"minValue" : 0,
				"maxValue" : 999
		   }
		},
		{
			"name" : "Spellbane Yumi's Opus",
			"category" : "2. Materials",
			"intArgs" : [ 2, 2 ], 
			"strArgs" : [ "0000", "164" ],
			"widget" : {
				"type" : "int",
				"minValue" : 0,
				"maxValue" : 999
		   }
		},
		{
			"name" : "Oboro's Lance's Opus",
			"category" : "2. Materials",
			"intArgs" : [ 2, 2 ], 
			"strArgs" : [ "0000", "166" ],
			"widget" : {
				"type" : "int",
				"minValue" : 0,
				"maxValue" : 999
		   }
		},
		{
			"name" : "Siegfried's Opus",
			"category" : "2. Materials",
			"intArgs" : [ 2, 2 ], 
			"strArgs" : [ "0000", "168" ],
			"widget" : {
				"type" : "int",
				"minValue" : 0,
				"maxValue" : 999
		   }
		},
		{
			"name" : "Camilla's Axe's Opus",
			"category" : "2. Materials",
			"intArgs" : [ 2, 2 ], 
			"strArgs" : [ "0000", "16A" ],
			"widget" : {
				"type" : "int",
				"minValue" : 0,
				"maxValue" : 999
		   }
		},
		{
			"name" : "Brynhildr's Opus",
			"category" : "2. Materials",
			"intArgs" : [ 2, 2 ], 
			"strArgs" : [ "0000", "16C" ],
			"widget" : {
				"type" : "int",
				"minValue" : 0,
				"maxValue" : 999
		   }
		},
		{
			"name" : "Moonlight's Opus",
			"category" : "2. Materials",
			"intArgs" : [ 2, 2 ], 
			"strArgs" : [ "0000", "16E" ],
			"widget" : {
				"type" : "int",
				"minValue" : 0,
				"maxValue" : 999
		   }
		},
		{
			"name" : "Niles's Bow's Opus",
			"category" : "2. Materials",
			"intArgs" : [ 2, 2 ], 
			"strArgs" : [ "0000", "170" ],
			"widget" : {
				"type" : "int",
				"minValue" : 0,
				"maxValue" : 999
		   }
		},
		{
			"name" : "Blessed Lance's Opus",
			"category" : "2. Materials",
			"intArgs" : [ 2, 2 ], 
			"strArgs" : [ "0000", "172" ],
			"widget" : {
				"type" : "int",
				"minValue" : 0,
				"maxValue" : 999
		   }
		},
		{
			"name" : "Linde's Bangle",
			"category" : "2. Materials",
			"intArgs" : [ 2, 2 ], 
			"strArgs" : [ "0000", "174" ],
			"widget" : {
				"type" : "int",
				"minValue" : 0,
				"maxValue" : 999
		   }
		},
		{
			"name" : "Linde's Charm",
			"category" : "2. Materials",
			"intArgs" : [ 2, 2 ], 
			"strArgs" : [ "0000", "176" ],
			"widget" : {
				"type" : "int",
				"minValue" : 0,
				"maxValue" : 999
		   }
		},
		{
			"name" : "Linde's Essence",
			"category" : "2. Materials",
			"intArgs" : [ 2, 2 ], 
			"strArgs" : [ "0000", "178" ],
			"widget" : {
				"type" : "int",
				"minValue" : 0,
				"maxValue" : 999
		   }
		},
		{
			"name" : "Aura's Scroll",
			"category" : "2. Materials",
			"intArgs" : [ 2, 2 ], 
			"strArgs" : [ "0000", "17A" ],
			"widget" : {
				"type" : "int",
				"minValue" : 0,
				"maxValue" : 999
		   }
		},
		{
			"name" : "Minerva's Whip",
			"category" : "2. Materials",
			"intArgs" : [ 2, 2 ], 
			"strArgs" : [ "0000", "17C" ],
			"widget" : {
				"type" : "int",
				"minValue" : 0,
				"maxValue" : 999
		   }
		},
		{
			"name" : "Minerva's Red Armor",
			"category" : "2. Materials",
			"intArgs" : [ 2, 2 ], 
			"strArgs" : [ "0000", "17E" ],
			"widget" : {
				"type" : "int",
				"minValue" : 0,
				"maxValue" : 999
		   }
		},
		{
			"name" : "Minerva's Essence",
			"category" : "2. Materials",
			"intArgs" : [ 2, 2 ], 
			"strArgs" : [ "0000", "180" ],
			"widget" : {
				"type" : "int",
				"minValue" : 0,
				"maxValue" : 999
		   }
		},
		{
			"name" : "Hauteclere's Scroll",
			"category" : "2. Materials",
			"intArgs" : [ 2, 2 ], 
			"strArgs" : [ "0000", "182" ],
			"widget" : {
				"type" : "int",
				"minValue" : 0,
				"maxValue" : 999
		   }
		},
		{
			"name" : "Enliron's Opus",
			"category" : "2. Materials",
			"intArgs" : [ 2, 2 ], 
			"strArgs" : [ "0000", "184" ],
			"widget" : {
				"type" : "int",
				"minValue" : 0,
				"maxValue" : 999
		   }
		},
		{
			"name" : "Facinna's Opus",
			"category" : "2. Materials",
			"intArgs" : [ 2, 2 ], 
			"strArgs" : [ "0000", "186" ],
			"widget" : {
				"type" : "int",
				"minValue" : 0,
				"maxValue" : 999
		   }
		},
		{
			"name" : "Exalted Falchion's Opus",
			"category" : "2. Materials",
			"intArgs" : [ 2, 2 ], 
			"strArgs" : [ "0000", "188" ],
			"widget" : {
				"type" : "int",
				"minValue" : 0,
				"maxValue" : 999
		   }
		},
		{
			"name" : "Wing Spear's Opus",
			"category" : "2. Materials",
			"intArgs" : [ 2, 2 ], 
			"strArgs" : [ "0000", "18A" ],
			"widget" : {
				"type" : "int",
				"minValue" : 0,
				"maxValue" : 999
		   }
		},
		{
			"name" : "Divinestone's Opus",
			"category" : "2. Materials",
			"intArgs" : [ 2, 2 ], 
			"strArgs" : [ "0000", "18C" ],
			"widget" : {
				"type" : "int",
				"minValue" : 0,
				"maxValue" : 999
		   }
		},
		{
			"name" : "Lady Sword's Opus",
			"category" : "2. Materials",
			"intArgs" : [ 2, 2 ], 
			"strArgs" : [ "0000", "18E" ],
			"widget" : {
				"type" : "int",
				"minValue" : 0,
				"maxValue" : 999
		   }
		},
		{
			"name" : "Sol Katti's Opus",
			"category" : "2. Materials",
			"intArgs" : [ 2, 2 ], 
			"strArgs" : [ "0000", "190" ],
			"widget" : {
				"type" : "int",
				"minValue" : 0,
				"maxValue" : 999
		   }
		},
		{
			"name" : "Anna's Bow's Opus",
			"category" : "2. Materials",
			"intArgs" : [ 2, 2 ], 
			"strArgs" : [ "0000", "192" ],
			"widget" : {
				"type" : "int",
				"minValue" : 0,
				"maxValue" : 999
		   }
		},
		{
			"name" : "Wo Dao's Opus",
			"category" : "2. Materials",
			"intArgs" : [ 2, 2 ], 
			"strArgs" : [ "0000", "194" ],
			"widget" : {
				"type" : "int",
				"minValue" : 0,
				"maxValue" : 999
		   }
		},
		{
			"name" : "Aura's Opus",
			"category" : "2. Materials",
			"intArgs" : [ 2, 2 ], 
			"strArgs" : [ "0000", "196" ],
			"widget" : {
				"type" : "int",
				"minValue" : 0,
				"maxValue" : 999
		   }
		},
		{
			"name" : "Hauteclere's Opus",
			"category" : "2. Materials",
			"intArgs" : [ 2, 2 ], 
			"strArgs" : [ "0000", "198" ],
			"widget" : {
				"type" : "int",
				"minValue" : 0,
				"maxValue" : 999
		   }
		},
		{
			"name" : "Tharja's Crystal Ball",
			"category" : "2. Materials",
			"intArgs" : [ 2, 2 ], 
			"strArgs" : [ "0000", "19A" ],
			"widget" : {
				"type" : "int",
				"minValue" : 0,
				"maxValue" : 999
		   }
		},
		{
			"name" : "Tharja's Liver-and-Eel Pie",
			"category" : "2. Materials",
			"intArgs" : [ 2, 2 ], 
			"strArgs" : [ "0000", "19C" ],
			"widget" : {
				"type" : "int",
				"minValue" : 0,
				"maxValue" : 999
		   }
		},
		{
			"name" : "Tharja's Essence",
			"category" : "2. Materials",
			"intArgs" : [ 2, 2 ], 
			"strArgs" : [ "0000", "19E" ],
			"widget" : {
				"type" : "int",
				"minValue" : 0,
				"maxValue" : 999
		   }
		},
		{
			"name" : "Tharja's Hex's Scrol",
			"category" : "2. Materials",
			"intArgs" : [ 2, 2 ], 
			"strArgs" : [ "0000", "1A0" ],
			"widget" : {
				"type" : "int",
				"minValue" : 0,
				"maxValue" : 999
		   }
		},
		{
			"name" : "Olivia's Hair Band",
			"category" : "2. Materials",
			"intArgs" : [ 2, 2 ], 
			"strArgs" : [ "0000", "1A2" ],
			"widget" : {
				"type" : "int",
				"minValue" : 0,
				"maxValue" : 999
		   }
		},
		{
			"name" : "Olivia's Model Theater",
			"category" : "2. Materials",
			"intArgs" : [ 2, 2 ], 
			"strArgs" : [ "0000", "1A4" ],
			"widget" : {
				"type" : "int",
				"minValue" : 0,
				"maxValue" : 999
		   }
		},
		{
			"name" : "Olivia's Essence",
			"category" : "2. Materials",
			"intArgs" : [ 2, 2 ], 
			"strArgs" : [ "0000", "1A6" ],
			"widget" : {
				"type" : "int",
				"minValue" : 0,
				"maxValue" : 999
		   }
		},
		{
			"name" : "Olivia's Blade's Scroll",
			"category" : "2. Materials",
			"intArgs" : [ 2, 2 ], 
			"strArgs" : [ "0000", "1A8" ],
			"widget" : {
				"type" : "int",
				"minValue" : 0,
				"maxValue" : 999
		   }
		},
		{
			"name" : "Falchion's Opus",
			"category" : "2. Materials",
			"intArgs" : [ 2, 2 ], 
			"strArgs" : [ "0000", "1AA" ],
			"widget" : {
				"type" : "int",
				"minValue" : 0,
				"maxValue" : 999
		   }
		},
		{
			"name" : "Parellel Falchion's Opus",
			"category" : "2. Materials",
			"intArgs" : [ 2, 2 ], 
			"strArgs" : [ "0000", "1AC" ],
			"widget" : {
				"type" : "int",
				"minValue" : 0,
				"maxValue" : 999
		   }
		},
		{
			"name" : "Thoron's Opus",
			"category" : "2. Materials",
			"intArgs" : [ 2, 2 ], 
			"strArgs" : [ "0000", "1AE" ],
			"widget" : {
				"type" : "int",
				"minValue" : 0,
				"maxValue" : 999
		   }
		},
		{
			"name" : "Lissa's Axe's Opus",
			"category" : "2. Materials",
			"intArgs" : [ 2, 2 ], 
			"strArgs" : [ "0000", "1B0" ],
			"widget" : {
				"type" : "int",
				"minValue" : 0,
				"maxValue" : 999
		   }
		},
		{
			"name" : "Frederick's Axe's Opus",
			"category" : "2. Materials",
			"intArgs" : [ 2, 2 ], 
			"strArgs" : [ "0000", "1B2" ],
			"widget" : {
				"type" : "int",
				"minValue" : 0,
				"maxValue" : 999
		   }
		},
		{
			"name" : "Cordelia's Lance's Opus",
			"category" : "2. Materials",
			"intArgs" : [ 2, 2 ], 
			"strArgs" : [ "0000", "1B4" ],
			"widget" : {
				"type" : "int",
				"minValue" : 0,
				"maxValue" : 999
		   }
		},
		{
			"name" : "Missiletainn's Opus",
			"category" : "2. Materials",
			"intArgs" : [ 2, 2 ], 
			"strArgs" : [ "0000", "588" ],
			"widget" : {
				"type" : "int",
				"minValue" : 0,
				"maxValue" : 999
		   }
		},
		{
			"name" : "Tharja's Hex's Opus",
			"category" : "2. Materials",
			"intArgs" : [ 2, 2 ], 
			"strArgs" : [ "0000", "58A" ],
			"widget" : {
				"type" : "int",
				"minValue" : 0,
				"maxValue" : 999
		   }
		},
		{
			"name" : "Olivia's Blade's Opus",
			"category" : "2. Materials",
			"intArgs" : [ 2, 2 ], 
			"strArgs" : [ "0000", "58C" ],
			"widget" : {
				"type" : "int",
				"minValue" : 0,
				"maxValue" : 999
		   }
		},
		{
			"name" : "Master Seal",
			"category" : "2. Materials",
			"intArgs" : [ 2, 2 ], 
			"strArgs" : [ "0000", "1B6" ],
			"widget" : {
				"type" : "int",
				"minValue" : 0,
				"maxValue" : 999
		   }
		},
		{
			"name" : "Rowan - Level (add 1)",
			"category" : "3. Characters",
			"intArgs" : [ 1, 1 ], 
			"strArgs" : [ "0000", "FF10" ],
			"widget" : {
				"type" : "int",
				"minValue" : 0,
				"maxValue" : 149
		   }
		},
		{
			"name" : "Rowan - Experience (Level-Up on kill)",
			"category" : "3. Characters",
			"intArgs" : [ 4, 4 ], 
			"strArgs" : [ "0000", "FF0C" ],
			"widget" : {
				"type" : "int",
				"minValue" : 0,
				"maxValue" : 15207807
		   }
		},
		{
			"name" : "Lianna - Level (add 1)",
			"category" : "3. Characters",
			"intArgs" : [ 1, 1 ], 
			"strArgs" : [ "0000", "FFE4" ],
			"widget" : {
				"type" : "int",
				"minValue" : 0,
				"maxValue" : 149
		   }
		},
		{
			"name" : "Lianna - Experience (Level-Up on kill)",
			"category" : "3. Characters",
			"intArgs" : [ 4, 4 ], 
			"strArgs" : [ "0000", "FFE0" ],
			"widget" : {
				"type" : "int",
				"minValue" : 0,
				"maxValue" : 15207807
		   }
		},
		{
			"name" : "Corrin - Level (add 1)",
			"category" : "3. Characters",
			"intArgs" : [ 1, 1 ], 
			"strArgs" : [ "0000", "100B8" ],
			"widget" : {
				"type" : "int",
				"minValue" : 0,
				"maxValue" : 149
		   }
		},
		{
			"name" : "Corrin - Experience (Level-Up on kill)",
			"category" : "3. Characters",
			"intArgs" : [ 4, 4 ], 
			"strArgs" : [ "0000", "100B4" ],
			"widget" : {
				"type" : "int",
				"minValue" : 0,
				"maxValue" : 15207807
		   }
		},
		{
			"name" : "Ryoma - Level (add 1)",
			"category" : "3. Characters",
			"intArgs" : [ 1, 1 ], 
			"strArgs" : [ "0000", "1018C" ],
			"widget" : {
				"type" : "int",
				"minValue" : 0,
				"maxValue" : 149
		   }
		},
		{
			"name" : "Ryoma - Experience (Level-Up on kill)",
			"category" : "3. Characters",
			"intArgs" : [ 4, 4 ], 
			"strArgs" : [ "0000", "10188" ],
			"widget" : {
				"type" : "int",
				"minValue" : 0,
				"maxValue" : 15207807
		   }
		},
		{
			"name" : "Hinoka - Level (add 1)",
			"category" : "3. Characters",
			"intArgs" : [ 1, 1 ], 
			"strArgs" : [ "0000", "10260" ],
			"widget" : {
				"type" : "int",
				"minValue" : 0,
				"maxValue" : 149
		   }
		},
		{
			"name" : "Hinoka - Experience (Level-Up on kill)",
			"category" : "3. Characters",
			"intArgs" : [ 4, 4 ], 
			"strArgs" : [ "0000", "1025C" ],
			"widget" : {
				"type" : "int",
				"minValue" : 0,
				"maxValue" : 15207807
		   }
		},
		{
			"name" : "Takumi - Level (add 1)",
			"category" : "3. Characters",
			"intArgs" : [ 1, 1 ], 
			"strArgs" : [ "0000", "10334" ],
			"widget" : {
				"type" : "int",
				"minValue" : 0,
				"maxValue" : 149
		   }
		},
		{
			"name" : "Takumi - Experience (Level-Up on kill)",
			"category" : "3. Characters",
			"intArgs" : [ 4, 4 ], 
			"strArgs" : [ "0000", "10330" ],
			"widget" : {
				"type" : "int",
				"minValue" : 0,
				"maxValue" : 15207807
		   }
		},
		{
			"name" : "Sakura - Level (add 1)",
			"category" : "3. Characters",
			"intArgs" : [ 1, 1 ], 
			"strArgs" : [ "0000", "10408" ],
			"widget" : {
				"type" : "int",
				"minValue" : 0,
				"maxValue" : 149
		   }
		},
		{
			"name" : "Sakura - Experience (Level-Up on kill)",
			"category" : "3. Characters",
			"intArgs" : [ 4, 4 ], 
			"strArgs" : [ "0000", "10404" ],
			"widget" : {
				"type" : "int",
				"minValue" : 0,
				"maxValue" : 15207807
		   }
		},
		{
			"name" : "Obora - Level (add 1)",
			"category" : "4. DLC Characters",
			"intArgs" : [ 1, 1 ], 
			"strArgs" : [ "0000", "104DC" ],
			"widget" : {
				"type" : "int",
				"minValue" : 0,
				"maxValue" : 149
		   }
		},
		{
			"name" : "Obora - Experience (Level-Up on kill)",
			"category" : "4. DLC Characters",
			"intArgs" : [ 4, 4 ], 
			"strArgs" : [ "0000", "104D8" ],
			"widget" : {
				"type" : "int",
				"minValue" : 0,
				"maxValue" : 15207807
		   }
		},
		{
			"name" : "Xander - Level (add 1)",
			"category" : "3. Characters",
			"intArgs" : [ 1, 1 ], 
			"strArgs" : [ "0000", "105B0" ],
			"widget" : {
				"type" : "int",
				"minValue" : 0,
				"maxValue" : 149
		   }
		},
		{
			"name" : "Xander - Experience (Level-Up on kill)",
			"category" : "3. Characters",
			"intArgs" : [ 4, 4 ], 
			"strArgs" : [ "0000", "105AC" ],
			"widget" : {
				"type" : "int",
				"minValue" : 0,
				"maxValue" : 15207807
		   }
		},
		{
			"name" : "Camilla - Level (add 1)",
			"category" : "3. Characters",
			"intArgs" : [ 1, 1 ], 
			"strArgs" : [ "0000", "10684" ],
			"widget" : {
				"type" : "int",
				"minValue" : 0,
				"maxValue" : 149
		   }
		},
		{
			"name" : "Camilla - Experience (Level-Up on kill)",
			"category" : "3. Characters",
			"intArgs" : [ 4, 4 ], 
			"strArgs" : [ "0000", "10680" ],
			"widget" : {
				"type" : "int",
				"minValue" : 0,
				"maxValue" : 15207807
		   }
		},
		{
			"name" : "Leo - Level (add 1)",
			"category" : "3. Characters",
			"intArgs" : [ 1, 1 ], 
			"strArgs" : [ "0000", "10758" ],
			"widget" : {
				"type" : "int",
				"minValue" : 0,
				"maxValue" : 149
		   }
		},
		{
			"name" : "Leo - Experience (Level-Up on kill)",
			"category" : "3. Characters",
			"intArgs" : [ 4, 4 ], 
			"strArgs" : [ "0000", "10754" ],
			"widget" : {
				"type" : "int",
				"minValue" : 0,
				"maxValue" : 15207807
		   }
		},
		{
			"name" : "Elise - Level (add 1)",
			"category" : "3. Characters",
			"intArgs" : [ 1, 1 ], 
			"strArgs" : [ "0000", "1082C" ],
			"widget" : {
				"type" : "int",
				"minValue" : 0,
				"maxValue" : 149
		   }
		},
		{
			"name" : "Elise - Experience (Level-Up on kill)",
			"category" : "3. Characters",
			"intArgs" : [ 4, 4 ], 
			"strArgs" : [ "0000", "10828" ],
			"widget" : {
				"type" : "int",
				"minValue" : 0,
				"maxValue" : 15207807
		   }
		},
		{
			"name" : "Niles - Level (add 1)",
			"category" : "4. DLC Characters",
			"intArgs" : [ 1, 1 ], 
			"strArgs" : [ "0000", "10900" ],
			"widget" : {
				"type" : "int",
				"minValue" : 0,
				"maxValue" : 149
		   }
		},
		{
			"name" : "Niles - Experience (Level-Up on kill)",
			"category" : "4. DLC Characters",
			"intArgs" : [ 4, 4 ], 
			"strArgs" : [ "0000", "108FC" ],
			"widget" : {
				"type" : "int",
				"minValue" : 0,
				"maxValue" : 15207807
		   }
		},
		{
			"name" : "Chrom - Level (add 1)",
			"category" : "3. Characters",
			"intArgs" : [ 1, 1 ], 
			"strArgs" : [ "0000", "109D4" ],
			"widget" : {
				"type" : "int",
				"minValue" : 0,
				"maxValue" : 149
		   }
		},
		{
			"name" : "Chrom - Experience (Level-Up on kill)",
			"category" : "3. Characters",
			"intArgs" : [ 4, 4 ], 
			"strArgs" : [ "0000", "109D0" ],
			"widget" : {
				"type" : "int",
				"minValue" : 0,
				"maxValue" : 15207807
		   }
		},
		{
			"name" : "Lucina - Level (add 1)",
			"category" : "3. Characters",
			"intArgs" : [ 1, 1 ], 
			"strArgs" : [ "0000", "10AA8" ],
			"widget" : {
				"type" : "int",
				"minValue" : 0,
				"maxValue" : 149
		   }
		},
		{
			"name" : "Lucina - Experience (Level-Up on kill)",
			"category" : "3. Characters",
			"intArgs" : [ 4, 4 ], 
			"strArgs" : [ "0000", "10AA4" ],
			"widget" : {
				"type" : "int",
				"minValue" : 0,
				"maxValue" : 15207807
		   }
		},
		{
			"name" : "Robin - Level (add 1)",
			"category" : "3. Characters",
			"intArgs" : [ 1, 1 ], 
			"strArgs" : [ "0000", "10B7C" ],
			"widget" : {
				"type" : "int",
				"minValue" : 0,
				"maxValue" : 149
		   }
		},
		{
			"name" : "Robin - Experience (Level-Up on kill)",
			"category" : "3. Characters",
			"intArgs" : [ 4, 4 ], 
			"strArgs" : [ "0000", "10B78" ],
			"widget" : {
				"type" : "int",
				"minValue" : 0,
				"maxValue" : 15207807
		   }
		},
		{
			"name" : "Lissa - Level (add 1)",
			"category" : "3. Characters",
			"intArgs" : [ 1, 1 ], 
			"strArgs" : [ "0000", "10C50" ],
			"widget" : {
				"type" : "int",
				"minValue" : 0,
				"maxValue" : 149
		   }
		},
		{
			"name" : "Lissa - Experience (Level-Up on kill)",
			"category" : "3. Characters",
			"intArgs" : [ 4, 4 ], 
			"strArgs" : [ "0000", "10C4C" ],
			"widget" : {
				"type" : "int",
				"minValue" : 0,
				"maxValue" : 15207807
		   }
		},
		{
			"name" : "Frederick - Level (add 1)",
			"category" : "3. Characters",
			"intArgs" : [ 1, 1 ], 
			"strArgs" : [ "0000", "10D24" ],
			"widget" : {
				"type" : "int",
				"minValue" : 0,
				"maxValue" : 149
		   }
		},
		{
			"name" : "Frederick - Experience (Level-Up on kill)",
			"category" : "3. Characters",
			"intArgs" : [ 4, 4 ], 
			"strArgs" : [ "0000", "10D20" ],
			"widget" : {
				"type" : "int",
				"minValue" : 0,
				"maxValue" : 15207807
		   }
		},
		{
			"name" : "Cordelia - Level (add 1)",
			"category" : "3. Characters",
			"intArgs" : [ 1, 1 ], 
			"strArgs" : [ "0000", "10DF8" ],
			"widget" : {
				"type" : "int",
				"minValue" : 0,
				"maxValue" : 149
		   }
		},
		{
			"name" : "Cordelia - Experience (Level-Up on kill)",
			"category" : "3. Characters",
			"intArgs" : [ 4, 4 ], 
			"strArgs" : [ "0000", "10DF4" ],
			"widget" : {
				"type" : "int",
				"minValue" : 0,
				"maxValue" : 15207807
		   }
		},
		{
			"name" : "Owain - Level (add 1)",
			"category" : "4. DLC Characters",
			"intArgs" : [ 1, 1 ], 
			"strArgs" : [ "0000", "10ECC" ],
			"widget" : {
				"type" : "int",
				"minValue" : 0,
				"maxValue" : 149
		   }
		},
		{
			"name" : "Owain - Experience (Level-Up on kill)",
			"category" : "4. DLC Characters",
			"intArgs" : [ 4, 4 ], 
			"strArgs" : [ "0000", "10EC8" ],
			"widget" : {
				"type" : "int",
				"minValue" : 0,
				"maxValue" : 15207807
		   }
		},
		{
			"name" : "Anna - Level (add 1)",
			"category" : "3. Characters",
			"intArgs" : [ 1, 1 ], 
			"strArgs" : [ "0000", "10FA0" ],
			"widget" : {
				"type" : "int",
				"minValue" : 0,
				"maxValue" : 149
		   }
		},
		{
			"name" : "Anna - Experience (Level-Up on kill)",
			"category" : "3. Characters",
			"intArgs" : [ 4, 4 ], 
			"strArgs" : [ "0000", "10F9C" ],
			"widget" : {
				"type" : "int",
				"minValue" : 0,
				"maxValue" : 15207807
		   }
		},
		{
			"name" : "Marth - Level (add 1)",
			"category" : "3. Characters",
			"intArgs" : [ 1, 1 ], 
			"strArgs" : [ "0000", "11074" ],
			"widget" : {
				"type" : "int",
				"minValue" : 0,
				"maxValue" : 149
		   }
		},
		{
			"name" : "Marth - Experience (Level-Up on kill)",
			"category" : "3. Characters",
			"intArgs" : [ 4, 4 ], 
			"strArgs" : [ "0000", "11070" ],
			"widget" : {
				"type" : "int",
				"minValue" : 0,
				"maxValue" : 15207807
		   }
		},
		{
			"name" : "Caeda - Level (add 1)",
			"category" : "3. Characters",
			"intArgs" : [ 1, 1 ], 
			"strArgs" : [ "0000", "11148" ],
			"widget" : {
				"type" : "int",
				"minValue" : 0,
				"maxValue" : 149
		   }
		},
		{
			"name" : "Caeda - Experience (Level-Up on kill)",
			"category" : "3. Characters",
			"intArgs" : [ 4, 4 ], 
			"strArgs" : [ "0000", "11144" ],
			"widget" : {
				"type" : "int",
				"minValue" : 0,
				"maxValue" : 15207807
		   }
		},
		{
			"name" : "Navarre - Level (add 1)",
			"category" : "4. DLC Characters",
			"intArgs" : [ 1, 1 ], 
			"strArgs" : [ "0000", "1121C" ],
			"widget" : {
				"type" : "int",
				"minValue" : 0,
				"maxValue" : 149
		   }
		},
		{
			"name" : "Navarre - Experience (Level-Up on kill)",
			"category" : "4. DLC Characters",
			"intArgs" : [ 4, 4 ], 
			"strArgs" : [ "0000", "11218" ],
			"widget" : {
				"type" : "int",
				"minValue" : 0,
				"maxValue" : 15207807
		   }
		},
		{
			"name" : "Tiki - Level (add 1)",
			"category" : "3. Characters",
			"intArgs" : [ 1, 1 ], 
			"strArgs" : [ "0000", "112F0" ],
			"widget" : {
				"type" : "int",
				"minValue" : 0,
				"maxValue" : 149
		   }
		},
		{
			"name" : "Tiki - Experience (Level-Up on kill)",
			"category" : "3. Characters",
			"intArgs" : [ 4, 4 ], 
			"strArgs" : [ "0000", "112EC" ],
			"widget" : {
				"type" : "int",
				"minValue" : 0,
				"maxValue" : 15207807
		   }
		},
		{
			"name" : "Celica - Level (add 1)",
			"category" : "3. Characters",
			"intArgs" : [ 1, 1 ], 
			"strArgs" : [ "0000", "113C4" ],
			"widget" : {
				"type" : "int",
				"minValue" : 0,
				"maxValue" : 149
		   }
		},
		{
			"name" : "Celica - Experience (Level-Up on kill)",
			"category" : "3. Characters",
			"intArgs" : [ 4, 4 ], 
			"strArgs" : [ "0000", "113C0" ],
			"widget" : {
				"type" : "int",
				"minValue" : 0,
				"maxValue" : 15207807
		   }
		},
		{
			"name" : "Lyn - Level (add 1)",
			"category" : "3. Characters",
			"intArgs" : [ 1, 1 ], 
			"strArgs" : [ "0000", "11498" ],
			"widget" : {
				"type" : "int",
				"minValue" : 0,
				"maxValue" : 149
		   }
		},
		{
			"name" : "Lyn - Experience (Level-Up on kill)",
			"category" : "3. Characters",
			"intArgs" : [ 4, 4 ], 
			"strArgs" : [ "0000", "11494" ],
			"widget" : {
				"type" : "int",
				"minValue" : 0,
				"maxValue" : 15207807
		   }
		},
		{
			"name" : "Azura - Level (add 1)",
			"category" : "4. DLC Characters",
			"intArgs" : [ 1, 1 ], 
			"strArgs" : [ "0000", "1156C" ],
			"widget" : {
				"type" : "int",
				"minValue" : 0,
				"maxValue" : 149
		   }
		},
		{
			"name" : "Azura - Experience (Level-Up on kill)",
			"category" : "4. DLC Characters",
			"intArgs" : [ 4, 4 ], 
			"strArgs" : [ "0000", "11568" ],
			"widget" : {
				"type" : "int",
				"minValue" : 0,
				"maxValue" : 15207807
		   }
		},
		{
			"name" : "Linde - Level (add 1)",
			"category" : "4. DLC Characters",
			"intArgs" : [ 1, 1 ], 
			"strArgs" : [ "0000", "11640" ],
			"widget" : {
				"type" : "int",
				"minValue" : 0,
				"maxValue" : 149
		   }
		},
		{
			"name" : "Linde - Experience (Level-Up on kill)",
			"category" : "4. DLC Characters",
			"intArgs" : [ 4, 4 ], 
			"strArgs" : [ "0000", "1163C" ],
			"widget" : {
				"type" : "int",
				"minValue" : 0,
				"maxValue" : 15207807
		   }
		},
		{
			"name" : "Minerva - Level (add 1)",
			"category" : "4. DLC Characters",
			"intArgs" : [ 1, 1 ], 
			"strArgs" : [ "0000", "11714" ],
			"widget" : {
				"type" : "int",
				"minValue" : 0,
				"maxValue" : 149
		   }
		},
		{
			"name" : "Minerva - Experience (Level-Up on kill)",
			"category" : "4. DLC Characters",
			"intArgs" : [ 4, 4 ], 
			"strArgs" : [ "0000", "11710" ],
			"widget" : {
				"type" : "int",
				"minValue" : 0,
				"maxValue" : 15207807
		   }
		},
		{
			"name" : "Olivia - Level (add 1)",
			"category" : "4. DLC Characters",
			"intArgs" : [ 1, 1 ], 
			"strArgs" : [ "0000", "117E8" ],
			"widget" : {
				"type" : "int",
				"minValue" : 0,
				"maxValue" : 149
		   }
		},
		{
			"name" : "Olivia - Experience (Level-Up on kill)",
			"category" : "4. DLC Characters",
			"intArgs" : [ 4, 4 ], 
			"strArgs" : [ "0000", "117E4" ],
			"widget" : {
				"type" : "int",
				"minValue" : 0,
				"maxValue" : 15207807
		   }
		},
		{
			"name" : "Tharja - Level (add 1)",
			"category" : "4. DLC Characters",
			"intArgs" : [ 1, 1 ], 
			"strArgs" : [ "0000", "118BC" ],
			"widget" : {
				"type" : "int",
				"minValue" : 0,
				"maxValue" : 149
		   }
		},
		{
			"name" : "Tharja - Experience (Level-Up on kill)",
			"category" : "4. DLC Characters",
			"intArgs" : [ 4, 4 ], 
			"strArgs" : [ "0000", "118B8" ],
			"widget" : {
				"type" : "int",
				"minValue" : 0,
				"maxValue" : 15207807
		   }
		}
		]
	}	
}